<?xml version='1.0' encoding='UTF-8'?>
<types:mule xmlns:types="http://www.mulesoft.org/schema/mule/types">
  <types:catalog>
    <types:type name="String" format="java">
      <types:shape format="raml"><![CDATA[#%RAML 1.0 DataType
type: string]]></types:shape>
    </types:type>
  </types:catalog>
  <types:enrichment select="#7daf55ae-a8bf-460b-b949-9ad8bc1764be">
    <types:operation-declaration>
      <types:inputs>
        <types:parameter name="inputParameters" type="String"/>
      </types:inputs>
    </types:operation-declaration>
  </types:enrichment>
</types:mule>